0,1
植物,305
关晓彤,75
素食,35
中国,32
健康,26
产品,20
食品,20
品牌,19
美食,18
蛋白,17
公司,17
上海,14
汉堡,14
动物,13
植物蛋白,13
肯德基,13
市场,12
真的,12
推荐,12
消費者,12
牛肉,12
营养,11
肉类,11
餐厅,11
口感,11
人造肉,11
推出,11
添加,10
好吃,10
味道,10
生活,10
肉類,10
风味,9
餐饮,9
网页,9
链接,9
饮食,9
合作,9
全球,9
罗森,9
门店,9
素肉,8
成分,8
脂肪,8
选择,8
奶茶,8
便利店,8
腰果,8
东西,7
消费者,7
真肉,7
计划,7
粉丝,7
市場,7
原料,7
资本,6
加工过程,6
美味,6
提供,6
国际,6
投资,6
口味,6
领域,6
传统,6
植物性,6
新聞,6
英國,6
新品,6
日本,6
未来,6
饺子,6
网友,6
食物,6
刘新旗,6
大豆蛋白,5
真实,5
吃素,5
发展,5
姐姐,5
毕业,5
猪肉,5
行业,5
大豆,5
我們,5
地球,5
零售,5
世界,5
替代品,5
近日,5
回归,5
研究,5
放在,5
记者,5
北京,5
教授,5
丝瓜,5
数字化,5
机会,4
来源,4
直白,4
做成,4
日常,4
含有,4
添加剂,4
改变,4
做出,4
上线,4
正式,4
宣传,4
科普,4
蛋白质,4
探店,4
韩国,4
适合,4
代言,4
报告,4
博览会,4
一份,4
发布,4
美国,4
素易,4
包括,4
產品,4
首席,4
完整,4
內容,4
加速,4
有限公司,4
关系,4
运营,4
澳大利亚,4
抱歉,4
作者,4
设置,4
第一,4
素食者,4
一种,4
趋势,4
鹿晗,4
父母,4
半年,4
發現,4
報告,4
环保,4
星期,4
昨天,4
庖丁,4
造肉,4
水饺,4
细胞,4
小麦,3
豆浆,3
认知,3
内容,3
接近,3
很难,3
菜单,3
连锁,3
分享,3
香菇,3
不错,3
绿客盟,3
集团,3
生产,3
本次,3
更好,3
阅读,3
全家,3
国外,3
经营,3
推广,3
五辛,3
发现,3
接受,3
越来越,3
这是,3
减肥,3
处罚,3
增长,3
牛奶,3
成功,3
蔬菜,3
美國,3
增長,3
渠道,3
素享,3
今日,3
上市,3
销售,3
登陆,3
江浙沪,3
消费,3
大众,3
创始人,3
自然,3
价格,3
包装,3
显示,3
成立,3
泰国,3
两家,3
組織,3
高蛋白,3
鈴薯,3
質地,3
一个,3
一块,3
肉饼,3
开发,3
方法,3
产业,3
第一个,3
意外,3
男友,3
尝试,3
团队,3
喜欢,3
新增,3
行政处罚,3
符合,3
加盟,3
展示,3
内微,3
博此,3
记忆,3
調查,3
結果,3
地方,3
動物,3
纤维,3
吃喝玩乐,3
创新,3
系列,3
一期,3
测评,3
科技,3
看法,3
植味,3
带来,3
咖啡,3
方式,3
人才,3
香精,3
感觉,3
融资,3
独家,3
粮食,3
央视,3
瑞幸,3
首款,3
百事,3
出售,3
果汁,3
餐饮业,3
小红花,3
吃货,3
厨师,3
吐槽,3
海洋,3
难吃,2
实验室,2
意义,2
基肉,2
关键,2
也就是说,2
这块,2
组成部分,2
地说,2
豌豆,2
有人,2
不太,2
明白,2
点儿,2
豆类,2
豆腐,2
本质,2
超越,2
已有,2
食谱,2
植物纤维,2
调整,2
比例,2
像是,2
关心,2
事实上,2
钠量,2
远超过,2
心血管,2
可不,2
友好,2
别提,2
想象,2
下水,2
煮菜,2
加油,2
常规,2
做菜,2
降低,2
效果,2
回形针,2
格格,2
意见,2
不吃,2
诸多,2
别样,2
明星,2
制作,2
常见,2
媲美,2
互联网,2
全球化,2
标准,2
工厂,2
旗下,2
推动,2
拍戏,2
独生女,2
这群,2
爸爸,2
特许,2
杏鲍菇,2
花生,2
侵犯,2
身体,2
试试,2
主打,2
中餐,2
爪哇,2
酱料,2
开胃,2
怡保,2
听说,2
朋友,2
连锁店,2
料理,2
值得,2
商业,2
信仰,2
景甜,2
违法,2
广告,2
陈赫,2
天然,2
关晓彤方,2
起诉,2
一视同仁,2
顺便,2
生产商,2
意识,2
两年,2
高端,2
豆制品,2
歐洲,2
炸雞,2
供應,2
試驗,2
作為,2
永久,2
自年,2
肉食品,2
需求,2
選擇,2
純素,2
布局,2
便利,2
江苏,2
浙江,2
线上,2
大部分,2
恢复正常,2
借助,2
日常生活,2
头部,2
执行官,2
拉近,2
肉质,2
近期,2
新西兰,2
菲律宾,2
快手,2
热点,2
早上,2
查看,2
調味,2
改造,2
尋找,2
來源,2
丹麥,2
芭莎,2
珠宝,2
月刊,2
封面,2
俊杰,2
咖啡店,2
燕麦,2
没什么,2
不到,2
仿得,2
人类,2
一款,2
文章,2
光明,2
品类,2
韩料,2
澳洲,2
上涨,2
成本,2
无肉,2
销量,2
解解,2
肯定,2
家里,2
结婚,2
路线,2
李易峰,2
剧本,2
正剧,2
高圆圆,2
数据,2
类似,2
本子,2
要开,2
回国,2
买菜,2
一位,2
资质,2
加盟商,2
解决,2
男朋友,2
镜头,2
顯示,2
超市,2
名受,2
訪者,2
購買,2
區域,2
購物者,2
找到,2
他們,2
進行,2
希望,2
农业,2
源自,2
废弃,2
新型,2
玉米,2
谷物,2
烹饪,2
持续,2
详情请,2
体验,2
肉感,2
日日,2
提取,2
工作,2
而成,2
汤底,2
植肉,2
一口,2
马蹄,2
浓郁,2
知菽,2
大雪,2
工作餐,2
法语,2
专家,2
亮点,2
高科技,2
脸上,2
食材,2
豆子,2
一点,2
昌平,2
打卡,2
蜜瓜,2
甜筒,2
味儿,2
今晚,2
素斋,2
概念,2
烤箱,2
随手,2
创业,2
真人秀,2
直播间,2
四只,2
皮皮虾,2
一根,2
块钱,2
海鲜,2
两只,2
世纪,2
雀巢,2
乐园,2
胆固醇,2
主厨,2
深圳,2
长胖,2
排放,2
爆发,2
肉熟,2
乐活,2
新丝路,2
领军者,2
科学家,2
北京工商大学,2
学院,2
东京,2
中粮,2
介绍,2
分子,2
研发,2
脑子,2
肉蛋,2
华盖,2
三明治,2
成员,2
旭声,2
引发,2
消费市场,2
肉当,2
正餐,2
不让,2
坏人,2
研究室,2
下半年,2
工具,2
系统,2
全新,2
连锁化,2
追捧,2
风险,2
京报,2
首批,2
肉真,2
同款,2
不想,2
昆明,2
坏处,2
印度,2
太空,2
是从,2
一邊,2
保護,2
漁網,2
耗费,2
能量,2
化学合成,2
危机,2
翻车,2
致敏,1
油脂,1
拼命,1
吹捧,1
财经,1
新知,1
博主,1
公开课,1
妈妈,1
气质,1
亡国,1
卖国,1
别拿粉,1
事来,1
搅浑,1
驸马,1
双宿双栖,1
先说,1
坟头,1
白烟,1
新潮流,1
选项,1
共识,1
肉客,1
多个,1
跨国,1
名人,1
餐桌,1
世代,1
受欢迎,1
几款,1
菜肴,1
解锁,1
财富,1
密码,1
市面上,1
食肉,1
黄豆,1
魔芋,1
制成,1
卡路里,1
饱腹,1
肉素,1
火锅,1
趣胃,1
观摩,1
广东,1
阳西,1
设首厂,1
制造,1
碳中,1
目标,1
亚洲,1
领先,1
革新者,1
广东省,1
阳西县,1
自设,1
采用,1
投产,1
主义,1
内地,1
设厂,1
人民币,1
产销,1
一体化,1
高度,1
协同,1
高品质,1
在外,1
事情,1
请假,1
回去,1
成天,1
发微博,1
炫耀,1
没良心,1
在世,1
体贴,1
心情,1
幼稚园,1
查查,1
说话,1
回答,1
关少,1
女儿,1
丢脸,1
被诉,1
素菜,1
配白,1
饭菜,1
金针菇,1
洋葱,1
红萝卜,1
黄椒,1
青江,1
毛豆,1
淀粉,1
白饭,1
说五辛,1
间接,1
平常,1
全素,1
烹调,1
手记,1
日记,1
绿洲,1
那天,1
楼下,1
马来,1
伙伴,1
餐牌,1
面瓜,1
哇面,1
客家,1
老鼠,1
炒饭,1
椰浆,1
汉堡包,1
浓挤,1
柑汁,1
超级,1
哥罗面,1
端上来,1
汤汁,1
实在,1
很赞,1
我会,1
猪油,1
香味,1
糯米鸡,1
蒸得,1
太软,1
五香粉,1
很浓,1
老板,1
面哥,1
罗面,1
要试,1
主食,1
人均,1
马来西亚,1
超人气,1
韩式,1
炸鸡块,1
四川,1
麻辣,1
试试看,1
店员,1
空气,1
炸锅,1
来炸,1
多有,1
影响力,1
慢慢,1
兴奋,1
鼓励,1
菠萝蜜,1
波罗蜜,1
夏日,1
视界,1
跳绳,1
火锅店,1
回应,1
一句,1
正经,1
电视台,1
老人,1
保健品,1
没人管,1
虚假,1
厚此薄彼,1
此刻,1
最佳,1
时刻,1
上周,1
上由布,1
揭示,1
蓬勃发展,1
抓住机遇,1
这份,1
组织,1
欧洲,1
销售额,1
欧元,1
滞销,1
帮帮,1
几千年,1
不行,1
超话,1
領先,1
其以,1
真菌,1
為主,1
德國,1
荷蘭,1
試驗後將,1
門市,1
開發,1
一系列,1
無肉,1
單選項,1
炸雞桶,1
原創,1
食譜,1
漢堡採,1
最初,1
中庫,1
四天,1
售罄,1
歡迎,1
項目,1
回歸,1
以來,1
商務官,1
滿足,1
高興,1
雞肉漢堡,1
愛爾蘭大獲,1
確保為,1
決定,1
人類,1
使命,1
關鍵點,1
肉純素,1
漢堡,1
亮相,1
多元化,1
消息,1
领军,1
简称,1
开启,1
里程碑式,1
合作伙伴,1
包于,1
整袋,1
陆续,1
成熟,1
体系,1
优势,1
全方位,1
触达,1
场景,1
加快,1
走近,1
步伐,1
随处可见,1
轻松,1
肉罗森,1
肉包子,1
开卖,1
包已,1
前期,1
模式,1
首次,1
大规模,1
贴近,1
距离,1
糜为,1
馅料,1
回味,1
定价,1
为元个,1
肉包,1
同步,1
川香豚,1
肉味,1
蘑菇,1
披萨,1
两款,1
即食,1
资料,1
现已,1
开拓,1
本土化,1
骗局,1
挂钩,1
粮食安全,1
寻找,1
达人快,1
手快,1
饭团,1
换成,1
乌鱼子,1
角逐,1
艺人,1
暂时,1
权限,1
新聞丹,1
麥開,1
發出,1
個馬鈴薯,1
一種,1
高纖維,1
和膽,1
固醇,1
分為,1
兩種,1
從大塊,1
尺寸,1
擔憂,1
過敏,1
基因,1
問題,1
開始,1
相關,1
改用,1
嘴豆,1
大麻,1
而位,1
則是,1
研發出,1
用馬鈴薯,1
並且,1
即將,1
推廣到,1
一家,1
農民擁,1
致力,1
種植馬鈴薯,1
發馬鈴薯,1
執行長,1
許多以,1
飲食,1
擁有,1
潛力點,1
新聞馬鈴薯,1
環保,1
关联,1
好辣好,1
飒妥,1
梁爽,1
宣传照,1
声明,1
出事,1
梅花,1
红桃,1
光荣,1
这件,1
事上,1
铁时,1
几秒钟,1
再度,1
刷新,1
想象力,1
外观,1
区别,1
红色,1
肉糜,1
掺杂,1
白色,1
颗粒,1
表面,1
布满,1
机器,1
压制,1
带状,1
条纹,1
二字,1
仿真,1
生产者,1
水里游,1
地上,1
食品科技,1
初创,1
更多小众,1
野味,1
野猪,1
羊羔肉,1
被称作,1
科技时代,1
自我,1
感动,1
合格,1
美味佳肴,1
头条,1
背后,1
思维,1
大千,1
支持,1
纯素,1
亲故,1
特地,1
首尔,1
石锅,1
私房,1
预定,1
馄饨,1
打碎,1
拌加,1
葱姜,1
酱油,1
胡椒粉,1
肉馅,1
巨头,1
押注,1
供应链,1
通胀,1
压力,1
企业,1
成本上升,1
加剧,1
汽油,1
多年未见,1
应对,1
悉尼,1
墨尔本,1
升至,1
运动,1
风尚,1
区分,1
巴克莱,1
分析师,1
价值,1
亿澳元,1
统计数据,1
人数,1
财年,1
零售额,1
没买,1
美女,1
帅哥,1
江山,1
要死,1
正主,1
娱料,1
订婚,1
江湖,1
流传,1
提了,1
九位数,1
彩礼,1
满意,1
事业,1
不好,1
着急,1
同居,1
好几年,1
不用,1
赵露思,1
女星,1
积怨,1
懒得,1
计较,1
架不住,1
赶着,1
恶心,1
陈钰琪,1
甩锅,1
收视率,1
愉快,1
责任,1
推脱,1
编剧,1
身上,1
吸引,1
王子,1
文想,1
过年,1
家里人,1
待见,1
暗示,1
别来,1
潘粤明,1
素人,1
忌口,1
经纪人,1
面膜,1
关之琳,1
试管婴儿,1
手术,1
几次,1
后代,1
不肯,1
刘涛,1
困难,1
演技,1
群嘲,1
资源,1
不太好,1
拿下,1
只能,1
接点,1
配角,1
马思纯,1
掏钱,1
别墅,1
当婚,1
孝顺,1
打算,1
老两口,1
接过,1
这样的话,1
照顾,1
完美,1
伴侣,1
中规中矩,1
唯一,1
王耀庆,1
人想,1
一部,1
中年,1
偶像剧,1
接到,1
算是,1
收获,1
热巴,1
不接,1
古偶,1
有部,1
月底,1
律政,1
男主,1
流量,1
穿越,1
火线,1
第一部,1
一笔,1
第二部,1
制片方,1
原班人马,1
差钱,1
戏份,1
我要,1
热门,1
八卦,1
手册,1
刚刚,1
播博主,1
实时,1
测试,1
关晓丹,1
别碰,1
你彤姐,1
洗菜,1
切菜,1
做饭,1
已然,1
良家,1
妇男,1
男人,1
许可证,1
事实,1
基础,1
法院,1
昏厥,1
违法行为,1
天色,1
已渐,1
搞笑,1
事儿,1
近几年,1
全是,1
烂片,1
人缘,1
每次,1
作品,1
搜后,1
热度,1
群体,1
黑热,1
转移视线,1
你剧,1
开播,1
年前,1
五六,1
女配,1
几秒,1
国家,1
话剧院,1
网络,1
區銷售,1
平台,1
數據,1
態度,1
驚人,1
期望,1
因為,1
不會,1
光顧,1
專門,1
區約,1
購物,1
發表,1
關於,1
質都將,1
質選購,1
主題,1
克羅格,1
三個,1
一項,1
分析,1
案例,1
中針,1
庫存,1
反應,1
在將,1
動物產品,1
平均,1
銷售額,1
食者,1
情況,1
下會,1
積極,1
減少,1
消費,1
當時,1
結論,1
零售商,1
點我,1
废弃物,1
变甜,1
糖年,1
英国公司,1
专利,1
农业产业,1
大米,1
根茎,1
秸秆,1
麦穗,1
升级,1
甜度,1
蔗糖,1
三分之一,1
用于,1
配方,1
烘焙,1
巧克力,1
蛋糕,1
糖果,1
冰淇淋,1
坚果,1
丢弃,1
数千吨,1
美国公司,1
副产品,1
有机,1
鸡丝,1
富含,1
矿物质,1
单宁,1
维生素,1
麸质,1
易于,1
特性,1
香港,1
肉带,1
猛味,1
联名,1
捞饭,1
台式,1
卤肉,1
咖喱鸡,1
鱼香肉丝,1
三种,1
尽情,1
畅享,1
种草,1
新膳,1
相像,1
汤植肉,1
酸酸,1
辣辣的,1
冬天,1
合适,1
酸辣,1
流汁,1
爽口,1
清淡,1
初衷,1
暖化,1
关注,1
过后,1
感受,1
东莞,1
搜罗,1
东城,1
脱口秀,1
首届,1
澳门,1
举办,1
媒体,1
对话,1
法籍,1
宇宙,1
智慧,1
家居,1
肉快,1
向往,1
频道,1
几天,1
吃火锅,1
肉张,1
新民,1
大同,1
亞太,1
營養,1
針對,1
十幾個,1
亞太國家,1
興趣,1
願意,1
沒有,1
並補充,1
這些,1
因素,1
改善,1
頻繁,1
地購,1
買產品,1
這與,1
相呼,1
應該,1
均等,1
至關,1
這也將,1
未來,1
目標,1
去年,1
亞洲,1
潛力,1
確定,1
新冠,1
病毒,1
之後亞洲,1
急遽,1
高攀,1
按價值,1
計算,1
預計,1
將成長,1
市場點,1
趨勢,1
后果,1
充分体现,1
城市,1
两颗,1
套餐,1
两种,1
工艺,1
呈现,1
出让,1
意想不到,1
形态,1
樱桃,1
肉以,1
平衡,1
共生,1
链条,1
发生,1
早餐,1
陈小馍,1
游记,1
肉想,1
找个,1
会儿,1
现点现,1
时间,1
长点,1
刚出,1
挺香配,1
不比肉,1
差凉,1
没热,1
香能,1
上校,1
鸡块,1
确实,1
干干,1
顺道,1
元气,1
淡淡,1
一试,1
弹性,1
总有一天,1
觉悟,1
极致,1
素鸡,1
素鹅自,1
不用说,1
东坡肉,1
出个,1
逻辑,1
迷惑,1
本来,1
原因,1
茹素,1
滋味,1
摆在,1
肉食者,1
面前,1
只会,1
令人,1
感到,1
莫名其妙,1
想法,1
思考,1
告诉,1
色素,1
原本,1
井水不犯河水,1
好费,1
心思,1
奈何,1
网超,1
肉制品,1
是因为,1
购买,1
同类,1
真不错,1
十八里店,1
二顿,1
随意,1
搭配,1
裙带菜,1
大白菜,1
平菇,1
熟制,1
解冻,1
平铺,1
细盐,1
预热,1
度入,1
中层,1
分钟,1
绘食,1
小筑,1
秋天,1
近些年来,1
新风,1
首富,1
纷纷,1
入驻,1
噱头,1
记得,1
赵相军,1
聊聊,1
赛道,1
菜场,1
一碗,1
排骨,1
一斤,1
两母,1
一共,1
便宜,1
笔记,1
螃蟹,1
红烧肉,1
椒盐,1
回复,1
炒蛋,1
不绿,1
鸡蛋,1
不黄,1
盖住,1
发个,1
笑嘻嘻,1
表情,1
炒菜,1
中国式,1
家长,1
情商,1
给我发,1
来图,1
电子书,1
我乐,1
我妈,1
神经病,1
广场,1
上次,1
恶搞,1
不知情,1
情况,1
下用,1
出品,1
评价,1
描述,1
业配,1
小小的,1
叮米菲,1
厨房,1
攻略,1
查收,1
孩子,1
我来,1
错过,1
香酥鸡,1
激素,1
安心,1
大饱口福,1
水准,1
厨艺,1
更是,1
堪称一绝,1
这座,1
孩童,1
轻味,1
欢乐,1
停不下,1
不腻,1
近两年,1
特别,1
流行,1
瑜伽,1
爱好者,1
健身,1
减少,1
话题,1
真心,1
做起,1
每周,1
两顿,1
雪儿,1
万元,1
经纬,1
回音,1
担任,1
财务顾问,1
评分,1
亲测,1
炸鸡,1
伪装,1
不欢,1
老公,1
叫好,1
霍霍,1
這麼,1
集市,1
现场,1
饮品,1
私信,1
叉叉,1
失恋,1
耳洞,1
黑心,1
年月日,1
出版,1
中华,1
英才,1
半月刊,1
六个,1
整版,1
篇幅,1
发表,1
该刊,1
专访,1
著名,1
学家,1
当今,1
卓越,1
称之为,1
现任,1
郑州,1
粮油,1
储藏,1
专业,1
公派,1
留学,1
农工,1
大学,1
博士学位,1
国立,1
综合,1
研究所,1
博士后,1
入选,1
中组部,1
海外,1
重点,1
引进,1
曾任,1
研究院,1
年任,1
本刊,1
革命性,1
成果,1
科研,1
新近,1
彩云追月,1
人间,1
植得,1
疯批,1
柠檬茶,1
照卖,1
情有可原,1
一个劲,1
明明,1
举报,1
有病,1
早点,1
医院,1
发吃,1
热量,1
肉高,1
国人,1
偏低,1
选题,1
想到,1
乱说,1
报道,1
滚出去,1
寺庙,1
肉大,1
裤衩,1
好好,1
吃饭,1
高质量,1
指南,1
数千万元,1
天使,1
本轮,1
领投泰煜,1
安康,1
早期,1
第一次,1
肉于,1
固体,1
蛋黄,1
研制,1
休闲,1
零食,1
淘宝,1
店铺,1
新闻,1
看点,1
联合推出,1
青柠,1
蛋香,1
公开,1
首位,1
大使,1
孙芮,1
联合,1
宣传片,1
亿美元,1
法国,1
私募,1
股权,1
该项,1
交易,1
预计,1
年底,1
年初,1
官方,1
微信,1
公众,1
总部,1
授权,1
子公司,1
电器,1
全权负责,1
中国区,1
走入,1
视野,1
争议,1
停止,1
国内,1
持有,1
观望,1
好奇,1
心态,1
诉求,1
采访,1
很多很多,1
社群,1
陌生人,1
观点,1
汇集,1
期待,1
无感,1
听听,1
留言,1
区聊,1
一聊,1
奥运,1
奥运会,1
有感,1
经济,1
实力,1
提升,1
条件,1
提高,1
证明,1
黄种人,1
体能,1
丝毫,1
不逊于,1
人种,1
不欠,1
好喝,1
一遍,1
绝密文件,1
秘诀,1
揭秘,1
绝密,1
信息,1
揭开,1
我国,1
机遇,1
无限,1
国家统计局,1
月份,1
收入,1
亿元,1
新机遇,1
利用,1
追求,1
跨越式,1
品质,1
绿色革命,1
兴起,1
悄然,1
崛起,1
渐成,1
精进,1
餐饮行业,1
管理,1
得以,1
注入,1
活力,1
扫码,1
点餐,1
自动,1
结算,1
机器人,1
大大减少,1
人工,1
依赖,1
提效,1
业内人士,1
将来,1
技术,1
餐饮企业,1
竞争力,1
引擎,1
先机,1
进程,1
下轻,1
资产,1
复制,1
扩张,1
餐企,1
放弃,1
大而全,1
小而精,1
市面,1
植物油,1
辅料,1
实验,1
阶段,1
生物工程,1
培养,1
肌肉,1
质地,1
色泽,1
还会,1
模仿,1
血色,1
相比,1
售卖,1
肉不含,1
抗生素,1
细菌,1
病毒感染,1
杀死,1
制药厂,1
虚拟,1
感知,1
馒头,1
色香味,1
俱全,1
欺骗,1
感官,1
这会,1
人觉,1
无聊,1
丧失,1
本真,1
获悉,1
监测,1
数据分析,1
尼尔森,1
颁发,1
最受,1
所属,1
人口,1
大国,1
举足轻重,1
影响,1
视作,1
欧美,1
核心,1
饮食习惯,1
蒸包,1
投入,1
快餐店,1
服务,1
酒店,1
中式,1
西式,1
即可,1
好不好,1
自制,1
解暑,1
凉面,1
宝藏,1
激励,1
商报,1
辜负,1
会议室,1
相关,1
快艾特,1
宝贝,1
安排,1
嘉华,1
饼屋,1
呈贡,1
大学城,1
教主,1
足够,1
忘记,1
华人,1
看待,1
好处,1
人群,1
保护,1
减负,1
顿顿,1
大冒险,1
点心,1
激烈,1
株肉,1
每位,1
使出,1
浑身,1
解术,1
本场,1
双语,1
主持,1
最终,1
冠军,1
肉酱,1
亚军,1
南非,1
年轻,1
米其林,1
网红,1
充满,1
潜质,1
比赛,1
一大,1
理念,1
融入,1
周末,1
棒球,1
俱乐部,1
保送,1
外卖,1
宫保鸡,1
质疑,1
鼓吹,1
大鱼大肉,1
大虾,1
乱来,1
安利,1
娱乐,1
垂直,1
点亮,1
坑害,1
吃魚,1
自相矛盾,1
捕魚業,1
殺害,1
無數,1
魚兒,1
誤捕,1
海洋生物,1
漁具,1
垃圾,1
破壞,1
生態,1
嘗試,1
肉捕,1
魚魚,1
環境,1
救救,1
為動物,1
發聲,1
終止,1
物種,1
歧視,1
抵制,1
工业,1
过程,1
提炼,1
手段,1
对此,1
疑虑,1
从何而来,1
带货,1
王力宏,1
推上,1
风口浪尖,1
标题,1
实锤,1
缺钱,1
帖子,1
网上,1
热议,1
登上,1
微博热,1
不负责任,1
当天,1
晚上,1
放出,1
辟谣,1
说法,1
不买账,1
围绕,1
展开,1
编辑,1
李丹,1
第眼,1
怀疑,1
假吃且,1
声称,1
吃不胖,1
骗人,1
技术型,1
常识,1
加工,1
真相,1
热炒,1
警惕,1
危害,1
虎牙,1
闪电,1
照关晓彤,1
温柔,1
忍不住,1
想要,1
多一点,1
关晓彤宝,1
快乐,1
如图所示,1
跟风,1
干巴巴,1
几年,1
饱饭,1
